INSERT INTO "Category" (id, name, slug, icon, "order", active, "createdAt") VALUES ('cmoz30k6a0001aes52ao6s4nt', 'Bolsos', 'bolsos', '👜', 1, true, to_timestamp(1778375767331/1000.0)) ON CONFLICT (id) DO NOTHING;
INSERT INTO "Category" (id, name, slug, icon, "order", active, "createdAt") VALUES ('cmoz30k6j0002aes58nu2q6r8', 'Collares', 'collares', '📿', 2, true, to_timestamp(1778375767340/1000.0)) ON CONFLICT (id) DO NOTHING;
INSERT INTO "Category" (id, name, slug, icon, "order", active, "createdAt") VALUES ('cmoz30k6s0003aes5ncfyvwbh', 'Pulseras', 'pulseras', '🌿', 3, true, to_timestamp(1778375767349/1000.0)) ON CONFLICT (id) DO NOTHING;
INSERT INTO "Category" (id, name, slug, icon, "order", active, "createdAt") VALUES ('cmoz30k710004aes5dpd86u20', 'Tobilleras', 'tobilleras', '🌊', 4, true, to_timestamp(1778375767357/1000.0)) ON CONFLICT (id) DO NOTHING;
INSERT INTO "Category" (id, name, slug, icon, "order", active, "createdAt") VALUES ('cmoz30k7a0005aes5e7ljonw7', 'Aros', 'aros', '✨', 5, true, to_timestamp(1778375767367/1000.0)) ON CONFLICT (id) DO NOTHING;
INSERT INTO "Category" (id, name, slug, icon, "order", active, "createdAt") VALUES ('cmoz30k7m0006aes50qa3beiv', 'Accesorios', 'accesorios', '🌴', 6, true, to_timestamp(1778375767378/1000.0)) ON CONFLICT (id) DO NOTHING;
INSERT INTO "Product" (id, code, name, description, price, stock, visible, featured, "categoryId", "createdAt", "updatedAt") VALUES ('cmoz3e11r000faes5ka8tfnp0', 'COL-001', 'Collar Estrella Lila', 'Collar de cristales lilas con perlas y colgante de estrella de mar morada. Perfecto para looks de playa.', NULL, 8, true, false, 'cmoz30k6j0002aes58nu2q6r8', to_timestamp(1778376395727/1000.0), to_timestamp(1778380360779/1000.0)) ON CONFLICT (id) DO NOTHING;
INSERT INTO "Product" (id, code, name, description, price, stock, visible, featured, "categoryId", "createdAt", "updatedAt") VALUES ('cmoz3e122000iaes5qk7envt1', 'COL-002', 'Collar Flor Celeste', 'Collar lila degradé con perlas y dije floral azul artesanal. Diseño exclusivo de Colombia.', NULL, 5, true, false, 'cmoz30k6j0002aes58nu2q6r8', to_timestamp(1778376395739/1000.0), to_timestamp(1778380357220/1000.0)) ON CONFLICT (id) DO NOTHING;
INSERT INTO "Product" (id, code, name, description, price, stock, visible, featured, "categoryId", "createdAt", "updatedAt") VALUES ('cmoz3e12e000laes5zuw52z79', 'COL-003', 'Collar Pez Rosado', 'Collar de cristales celestes con perlas y adorable pez rosado con lunares. 100% artesanal.', NULL, 3, true, false, 'cmoz30k6j0002aes58nu2q6r8', to_timestamp(1778376395750/1000.0), to_timestamp(1778382920807/1000.0)) ON CONFLICT (id) DO NOTHING;
INSERT INTO "Product" (id, code, name, description, price, stock, visible, featured, "categoryId", "createdAt", "updatedAt") VALUES ('cmoz3e12p000oaes5mu185bz8', 'COL-004', 'Collar Estrella Violeta', 'Collar lila con cristales facetados, perlas y estrella de mar violeta punteada.', NULL, 4, true, false, 'cmoz30k6j0002aes58nu2q6r8', to_timestamp(1778376395762/1000.0), to_timestamp(1778380350593/1000.0)) ON CONFLICT (id) DO NOTHING;
INSERT INTO "Product" (id, code, name, description, price, stock, visible, featured, "categoryId", "createdAt", "updatedAt") VALUES ('cmoz3e132000raes5lp0yvkgy', 'COL-005', 'Collar Estrella Mar Blanca', 'Collar celeste con perlas y preciosa estrella de mar blanca texturizada. Delicado y único.', NULL, 4, true, true, 'cmoz30k6j0002aes58nu2q6r8', to_timestamp(1778376395774/1000.0), to_timestamp(1778382920807/1000.0)) ON CONFLICT (id) DO NOTHING;
INSERT INTO "Product" (id, code, name, description, price, stock, visible, featured, "categoryId", "createdAt", "updatedAt") VALUES ('cmoz3e13e000uaes5on9tlp84', 'COL-006', 'Collar Pez Iridiscente', 'Collar rosa cuarzo con perlas y dije de pez iridiscente nacarado. Elegante y bohemio.', NULL, 3, true, false, 'cmoz30k6j0002aes58nu2q6r8', to_timestamp(1778376395786/1000.0), to_timestamp(1778378295403/1000.0)) ON CONFLICT (id) DO NOTHING;
INSERT INTO "Product" (id, code, name, description, price, stock, visible, featured, "categoryId", "createdAt", "updatedAt") VALUES ('cmoz3e13p000xaes5ituqncj9', 'COL-007', 'Collar Pez Cristal', 'Collar blanco perla con micro perlas rosas y dije de pez transparente. Minimalista y fresco.', NULL, 5, true, false, 'cmoz30k6j0002aes58nu2q6r8', to_timestamp(1778376395798/1000.0), to_timestamp(1778378294122/1000.0)) ON CONFLICT (id) DO NOTHING;
INSERT INTO "Product" (id, code, name, description, price, stock, visible, featured, "categoryId", "createdAt", "updatedAt") VALUES ('cmoz3e13y0010aes5eb6azb2z', 'COL-008', 'Collar Pez Rojo', 'Collar blanco perla con detalle en rosa y dije de pez rojo con lunares blancos. Llamativo.', NULL, 4, true, false, 'cmoz30k6j0002aes58nu2q6r8', to_timestamp(1778376395807/1000.0), to_timestamp(1778378293615/1000.0)) ON CONFLICT (id) DO NOTHING;
INSERT INTO "Product" (id, code, name, description, price, stock, visible, featured, "categoryId", "createdAt", "updatedAt") VALUES ('cmoz3e14a0013aes5zadvmhmk', 'COL-009', 'Collar Pez Nácar', 'Collar verde agua con perlas y pez de nácar natural. Materiales de primera calidad.', NULL, 6, true, false, 'cmoz30k6j0002aes58nu2q6r8', to_timestamp(1778376395819/1000.0), to_timestamp(1778378292798/1000.0)) ON CONFLICT (id) DO NOTHING;
INSERT INTO "Product" (id, code, name, description, price, stock, visible, featured, "categoryId", "createdAt", "updatedAt") VALUES ('cmoz3e14n0016aes5fjatkou0', 'COL-010', 'Collar Concha Verde', 'Collar celeste con perlas y concha de mar verde menta artesanal. Inspirado en el Caribe.', NULL, 2, true, false, 'cmoz30k6j0002aes58nu2q6r8', to_timestamp(1778376395832/1000.0), to_timestamp(1778383862225/1000.0)) ON CONFLICT (id) DO NOTHING;
INSERT INTO "Product" (id, code, name, description, price, stock, visible, featured, "categoryId", "createdAt", "updatedAt") VALUES ('cmoz3e14z0019aes5mmp14equ', 'COL-011', 'Collar Concha Blanca', 'Collar azul cielo con perlas y concha blanca porcelana. Sofisticado y natural.', NULL, 4, true, false, 'cmoz30k6j0002aes58nu2q6r8', to_timestamp(1778376395844/1000.0), to_timestamp(1778376395844/1000.0)) ON CONFLICT (id) DO NOTHING;
INSERT INTO "Product" (id, code, name, description, price, stock, visible, featured, "categoryId", "createdAt", "updatedAt") VALUES ('cmoz3e15c001caes5wd1uhir1', 'COL-012', 'Colección Completa Beach', 'Vista completa de la colección de temporada. Disponible en múltiples colores y figuras marinas.', NULL, 0, true, true, 'cmoz30k6j0002aes58nu2q6r8', to_timestamp(1778376395856/1000.0), to_timestamp(1778376395856/1000.0)) ON CONFLICT (id) DO NOTHING;
INSERT INTO "Product" (id, code, name, description, price, stock, visible, featured, "categoryId", "createdAt", "updatedAt") VALUES ('cmoz3e15l001faes5uug250ut', 'BOL-001', 'Mochila Tropical Flecos', 'Mochila de tela tropical con estampado de selva y flecos de colores. Ideal para playa. Hecha en Colombia.', NULL, 2, true, false, 'cmoz30k6a0001aes52ao6s4nt', to_timestamp(1778376395865/1000.0), to_timestamp(1778383862226/1000.0)) ON CONFLICT (id) DO NOTHING;
INSERT INTO "Product" (id, code, name, description, price, stock, visible, featured, "categoryId", "createdAt", "updatedAt") VALUES ('cmoz3e15w001iaes5w8cmhcvp', 'BOL-002', 'Cartera Hibiscus & Flecos', 'Cartera de mano con estampado de hibiscus azul marino y flecos rosas. Perfecta para días de verano.', NULL, 2, true, true, 'cmoz30k6a0001aes52ao6s4nt', to_timestamp(1778376395877/1000.0), to_timestamp(1778376395877/1000.0)) ON CONFLICT (id) DO NOTHING;
INSERT INTO "Product" (id, code, name, description, price, stock, visible, featured, "categoryId", "createdAt", "updatedAt") VALUES ('cmoz3e168001laes5rxxu0rsf', 'PUL-001', 'Set Pulseras Piedras Naturales', 'Set de pulseras de piedras naturales en turquesa, fucsia, rojo y madera. Estilo boho chic.', NULL, 9, true, true, 'cmoz30k6s0003aes5ncfyvwbh', to_timestamp(1778376395888/1000.0), to_timestamp(1778383862227/1000.0)) ON CONFLICT (id) DO NOTHING;
INSERT INTO "Product" (id, code, name, description, price, stock, visible, featured, "categoryId", "createdAt", "updatedAt") VALUES ('cmoz5ryz8002daes5bmqocuxt', 'COL-030', 'Tobilleras', '', 20.0, 2, true, true, 'cmoz30k710004aes5dpd86u20', to_timestamp(1778380405461/1000.0), to_timestamp(1778383862224/1000.0)) ON CONFLICT (id) DO NOTHING;
INSERT INTO "Product" (id, code, name, description, price, stock, visible, featured, "categoryId", "createdAt", "updatedAt") VALUES ('cmoz5thcj002iaes55sv6cr4d', 'COL-055', 'Pareos de playa', 'Pareo de playa tejido a mano artesanal importado colombia', 25.0, -1, true, true, 'cmoz30k7m0006aes50qa3beiv', to_timestamp(1778380475923/1000.0), to_timestamp(1778382920807/1000.0)) ON CONFLICT (id) DO NOTHING;
INSERT INTO "ProductImage" (id, url, alt, "order", "productId") VALUES ('cmoz3e14z001aaes5lxscq2tv', '/uploads/11.jpg', NULL, 0, 'cmoz3e14z0019aes5mmp14equ') ON CONFLICT (id) DO NOTHING;
INSERT INTO "ProductImage" (id, url, alt, "order", "productId") VALUES ('cmoz3e15c001daes5xt62pt2r', '/uploads/12.jpg', NULL, 0, 'cmoz3e15c001caes5wd1uhir1') ON CONFLICT (id) DO NOTHING;
INSERT INTO "ProductImage" (id, url, alt, "order", "productId") VALUES ('cmoz3e15w001jaes5hobe271i', '/uploads/621752952_18344595364224718_501820947408374506_n.jpg', NULL, 0, 'cmoz3e15w001iaes5w8cmhcvp') ON CONFLICT (id) DO NOTHING;
INSERT INTO "ProductImage" (id, url, alt, "order", "productId") VALUES ('cmoz3e168001maes5y3nfyfpz', '/uploads/625973076_18409338064120281_6238602945464082546_n.jpg', NULL, 0, 'cmoz3e168001laes5rxxu0rsf') ON CONFLICT (id) DO NOTHING;
INSERT INTO "ProductImage" (id, url, alt, "order", "productId") VALUES ('cmoz4iocu001xaes56zf4dngm', '/uploads/10.jpg', NULL, 0, 'cmoz3e14n0016aes5fjatkou0') ON CONFLICT (id) DO NOTHING;
INSERT INTO "ProductImage" (id, url, alt, "order", "productId") VALUES ('cmoz4iou6001yaes59xt8sc5z', '/uploads/9.jpg', NULL, 0, 'cmoz3e14a0013aes5zadvmhmk') ON CONFLICT (id) DO NOTHING;
INSERT INTO "ProductImage" (id, url, alt, "order", "productId") VALUES ('cmoz4ipgv001zaes5ugyub6g9', '/uploads/8.jpg', NULL, 0, 'cmoz3e13y0010aes5eb6azb2z') ON CONFLICT (id) DO NOTHING;
INSERT INTO "ProductImage" (id, url, alt, "order", "productId") VALUES ('cmoz4ipuy0020aes51nrn39vo', '/uploads/7.jpg', NULL, 0, 'cmoz3e13p000xaes5ituqncj9') ON CONFLICT (id) DO NOTHING;
INSERT INTO "ProductImage" (id, url, alt, "order", "productId") VALUES ('cmoz4iquj0021aes58k7okoia', '/uploads/6.jpg', NULL, 0, 'cmoz3e13e000uaes5on9tlp84') ON CONFLICT (id) DO NOTHING;
INSERT INTO "ProductImage" (id, url, alt, "order", "productId") VALUES ('cmoz5qsn40027aes5eka9okxw', '/uploads/4.jpg', NULL, 0, 'cmoz3e12p000oaes5mu185bz8') ON CONFLICT (id) DO NOTHING;
INSERT INTO "ProductImage" (id, url, alt, "order", "productId") VALUES ('cmoz5qvm50028aes5x84b81ie', '/uploads/3.jpg', NULL, 0, 'cmoz3e12e000laes5zuw52z79') ON CONFLICT (id) DO NOTHING;
INSERT INTO "ProductImage" (id, url, alt, "order", "productId") VALUES ('cmoz5qxr80029aes5ys75zds8', '/uploads/2.jpg', NULL, 0, 'cmoz3e122000iaes5qk7envt1') ON CONFLICT (id) DO NOTHING;
INSERT INTO "ProductImage" (id, url, alt, "order", "productId") VALUES ('cmoz5r0i2002aaes58ktp1iez', '/uploads/1.jpg', NULL, 0, 'cmoz3e11r000faes5ka8tfnp0') ON CONFLICT (id) DO NOTHING;
INSERT INTO "ProductImage" (id, url, alt, "order", "productId") VALUES ('cmoz5r80w002baes5uwi5b1nq', '/uploads/5.jpg', NULL, 0, 'cmoz3e132000raes5lp0yvkgy') ON CONFLICT (id) DO NOTHING;
INSERT INTO "ProductImage" (id, url, alt, "order", "productId") VALUES ('cmoz5s98q002faes5dhasn69l', '/uploads/1778380404039-qka60o6ktnc.jpg', NULL, 0, 'cmoz5ryz8002daes5bmqocuxt') ON CONFLICT (id) DO NOTHING;
INSERT INTO "ProductImage" (id, url, alt, "order", "productId") VALUES ('cmoz5sinu002gaes50tqomemd', '/uploads/621601327_18347823259228164_2692812966605630185_n.jpg', NULL, 0, 'cmoz3e15l001faes5uug250ut') ON CONFLICT (id) DO NOTHING;
INSERT INTO "ProductImage" (id, url, alt, "order", "productId") VALUES ('cmoz5thcj002jaes5pjiai1kg', '/uploads/1778380441181-pyn4yy0zdd.jpg', NULL, 0, 'cmoz5thcj002iaes55sv6cr4d') ON CONFLICT (id) DO NOTHING;